"department_two",20,"Name departnent One","DMP099221", "2021-10-12","2021-10-20"
"department_two",20,"Name departnent One","DMP099222", "2021-10-12","2021-10-20"
"department_two",20,"Name departnent One","DMP099223", "2021-10-12","2021-10-20"
"department_two",20,"Name departnent One","DMP099224", "2021-10-12","2021-10-20"
"department_two",20,"Name departnent One","DMP099225", "2021-10-12","2021-10-20"
"department_two",20,"Name departnent One","DMP099226", "2021-10-12","2021-10-20"
"department_two",20,"Name departnent One","DMP099227", "2021-10-12","2021-10-20"
"department_two",20,"Name departnent One","DMP099228", "2021-10-12","2021-10-20"
"department_two",20,"Name departnent One","DMP099229", "2021-10-12","2021-10-20"
"department_two",20,"Name departnent One","DMP0992210", "2021-10-12","2021-10-20"
"department_two",20,"Name departnent One","DMP0992211", "2021-10-12","2021-10-20"
"department_two",20,"Name departnent One","DMP0992212", "2021-10-12","2021-10-20"
"department_two",20,"Name departnent One","DMP0992213", "2021-10-12","2021-10-20"
"department_two",20,"Name departnent One","DMP0992214", "2021-10-12","2021-10-20"
"department_two",20,"Name departnent One","DMP0992215", "2021-10-12","2021-10-20"
"department_two",20,"Name departnent One","DMP0992216", "2021-10-12","2021-10-20"
"department_two",20,"Name departnent One","DMP0992217", "2021-10-12","2021-10-20"
"department_two",20,"Name departnent One","DMP0992218", "2021-10-12","2021-10-20"
"department_two",20,"Name departnent One","DMP0992219", "2021-10-12","2021-10-20"
"department_two",20,"Name departnent One","DMP0992220", "2021-10-12","2021-10-20"
"department_two",20,"Name departnent One","DMP0992221", "2021-10-12","2021-10-20"